filename,domain,label
MLAAD_TTS_piratesofersatz_07_leinster_64kb_f000156.wav,MLAAD_TTS,1
MLAAD_TTS_pink_fairy_book_31_f000025.wav,MLAAD_TTS,1
MLAAD_TTS_wives_and_daughters_09_f000160.wav,MLAAD_TTS,1
MLAAD_TTS_northandsouth_51_f000115.wav,MLAAD_TTS,1
MAILABS_Studio_skyisland_23_baum_64kb_f000069.wav,MAILABS_Studio,0
MAILABS_Studio_northandsouth_05_f000128.wav,MAILABS_Studio,0
MAILABS_Studio_northandsouth_35_f000294.wav,MAILABS_Studio,0
MAILABS_Studio_midnight_passenger_03_f000012.wav,MAILABS_Studio,0
CodecFake_A1_L1_p225_036.wav,CodecFake_A1,1
CodecFake_A1_p266_229.wav,CodecFake_A1,0
CodecFake_C7_F07_SSB02730232.wav,CodecFake_C7,1
CodecFake_C7_p343_009.wav,CodecFake_C7,0
CodecFake_C2_F02_SSB10560420.wav,CodecFake_C2,1
CodecFake_C2_SSB16840304.wav,CodecFake_C2,0
CodecFake_C5_F05_p341_270.wav,CodecFake_C5,1
CodecFake_C5_p308_275.wav,CodecFake_C5,0
InTheWild_YouTube_3491.wav,InTheWild_YouTube,0
InTheWild_YouTube_21886.wav,InTheWild_YouTube,0
InTheWild_YouTube_25945.wav,InTheWild_YouTube,0
InTheWild_YouTube_16979.wav,InTheWild_YouTube,0
InTheWild_YouTube_21859.wav,InTheWild_YouTube,1
InTheWild_YouTube_24063.wav,InTheWild_YouTube,1
InTheWild_YouTube_30266.wav,InTheWild_YouTube,1
InTheWild_YouTube_2007.wav,InTheWild_YouTube,1
